1,Forum
2,1200isplenty
3,2007scape
4,2meirl4meirl
5,3d6
6,3Dprinting
7,3DS
8,3dshacks
9,40kLore
10,49ers
11,704nascarheat
12,80smusic
13,90DayFiance
14,a6000
15,AboveandBeyond
16,ABraThatFits
17,absolutelynotme_irl
18,absolver
19,AbyssRium
20,AccidentalRenaissance
21,Accounting
22,AceAttorney
23,AcousticCovers
24,ActionFigures
25,ACTrade
26,actuallesbians
27,adc
28,adelaidefc
29,ADHD
30,adultery
31,Advice
32,AdviceAnimals
33,aerospace
34,AFL
35,Agario
36,aggies
37,AgirlAdrift
38,AirForce
39,airsoft
40,ak47
41,albania
42,alberta
43,albiononline
44,AlexisRen
45,AlienBlue
46,AlmostParkour
47,Alt_Hapa
48,altgonewild
49,AMA
50,AMAAggregator
51,amateur_boxing
52,amateur_milfs
53,amazingpikachu_38
54,AmazonFlexDrivers
55,AmazonMerch
56,Amd
57,AmericanHorrorStory
58,AmericanVandal
59,amibeingdetained
60,AmIFreeToGo
61,amiiboSwap
62,AmItheAsshole
63,amiugly
64,amumumains
65,analog
66,Anarchism
67,Anarcho_Capitalism
68,ancientrome
69,Android
70,androidapps
71,AndroidMasterRace
72,AndroidQuestions
73,AndroidTV
74,AndroidWear
75,AnimalCrossing
76,AnimalsBeingDerps
77,AnimalsBeingJerks
78,anime
79,Animedubs
80,animegifs
81,Animemes
82,Animewallpaper
83,anonymousgoals
84,ansible
85,antimatterindustries
86,antinatalism
87,Anxiety
88,AnythingGoesNews
89,ApocalypseRising
90,apple
91,appleswap
92,AppleWatch
93,ApplyingToCollege
94,Aquariums
95,AQW
96,ar15
97,archlinux
98,arduino
99,ArenaHS
100,arenaofvalor
101,ARG
102,argentina
103,Arkansas
104,arkhamhorrorlcg
105,army
106,arrow
107,Art
108,ArtisanVideos
109,asianamerican
110,AsianBeauty
111,asianbeautyexchange
112,AsianHotties
113,AsiansGoneWild
114,Ask_Lawyers
115,Ask_Politics
116,AskAnAmerican
117,AskCulinary
118,AskDocs
119,AskEconomics
120,AskEngineers
121,AskEurope
122,askfuneraldirectors
123,askgaybros
124,AskHistorians
125,AskLibertarians
126,AskMen
127,AskNYC
128,AskOldPeople
129,AskOuija
130,askphilosophy
131,AskPhotography
132,AskReddit
133,AskRedditAfterDark
134,askscience
135,AskScienceFiction
136,AskThe_Donald
137,asktransgender
138,asktrp
139,AskTrumpSupporters
140,AskUK
141,AskWomen
142,asmr
143,asoiaf
144,asoiafcirclejerk
145,aspergers
146,ass
147,assholedesign
148,assinthong
149,Assistance
150,Astronomy
151,ATBGE
152,ATC
153,atheism
154,atheismrebooted
155,atheist
156,Atlanta
157,AtlantaUnited
158,atlbeer
159,ATT
160,audioengineering
161,audiophile
162,auslaw
163,Austin
164,australia
165,AustralianPolitics
166,Austria
167,AVexchange
168,aviation
169,awakened
170,Awesomenauts
171,awfuleverything
172,awoiafrp
173,aww
174,Axon7
175,AZCardinals
176,azdiamondbacks
177,aznidentity
178,BabyBumps
179,BABYMETAL
180,backpacks
181,Bacon
182,Bad_Cop_No_Donut
183,badliterature
184,badwomensanatomy
185,BallroomEYoukoso
186,bangtan
187,BannedFromThe_Donald
188,bapcsalescanada
189,barstoolsports
190,baseball
191,baseballcards
192,BasketballTips
193,BastionQuestHQ
194,BathBomb
195,batonrouge
196,battlefield_live
197,battlefield_one
198,Battlegrounds
199,Battlejack
200,BattleRite
201,battlestations
202,bayarea
203,baylor
204,BBQ
205,BBWGW
206,BeAmazed
207,beards
208,BeastieBoys
209,BeautyGuruChatter
210,Beekeeping
211,beermoney
212,beholdthemasterrace
213,bemani
214,BendyAndTheInkMachine
215,bengals
216,BenisHoovering
217,Berserk
218,berserklejerk
219,bertstrips
220,bestof
221,bestoflegaladvice
222,bettafish
223,beyondthebump
224,BGCCircleJerk
225,BigBrother
226,BiggerThanYouThought
227,BigMouth
228,BikiniBottomTwitter
229,bindingofisaac
230,biology
231,BipolarReddit
232,Birmingham
233,Bitcoin
234,BitcoinAll
235,Bitcoincash
236,BitcoinMarkets
237,Bitconnect
238,bjj
239,blackcats
240,blackdesertonline
241,blackmagicfuckery
242,blackpeoplegifs
243,BlackPeopleTwitter
244,bladeandsoul
245,bladerunner
246,Bladesmith
247,bleach
248,BleachBraveSouls
249,Blep
250,bloodborne
251,bloodbowl
252,BlueMidterm2018
253,blunderyears
254,bmx
255,boardgames
256,boatbuilding
257,boating
258,bodybuilding
259,BoJackHorseman
260,BokuNoHeroAcademia
261,bonnaroo
262,Boobies
263,boobs
264,books
265,booksuggestions
266,boostedboards
267,borrow
268,borussiadortmund
269,boston
270,BostonBruins
271,bostonceltics
272,Boxing
273,BPD
274,brandnew
275,brasil
276,BrasildoB
277,bravefrontier
278,Braves
279,bravia
280,BravoRealHousewives
281,Brawlhalla
282,Brawlstars
283,breakingbad
284,breakingmom
285,BreakoutBoyz
286,BreakUps
287,Breath_of_the_Wild
288,Brewers
289,britishproblems
290,Browns
291,Brunei
292,btc
293,buccos
294,Buddhism
295,buffalobills
296,buildapc
297,buildapchelp
298,buildapcsales
299,Bulge
300,Bulges
301,Bumble
302,business
303,C25K
304,cade
305,CAguns
306,cahideas
307,Calgary
308,California
309,CallOfDutyWorldWarTwo
310,CalPoly
311,CampHalfBloodRP
312,CampingandHiking
313,canada
314,canadaguns
315,canadagunsEE
316,CanadaPolitics
317,CanadianForces
318,CanadianMOMs
319,canberra
320,cancer
321,cannabis
322,Canonn
323,canucks
324,CapitalismVSocialism
325,caps
326,CarAV
327,Cardinals
328,cardistry
329,Carpentry
330,cars
331,Cash4Cash
332,CasualConversation
333,casualiama
334,CasualPokemonTrades
335,CasualUK
336,cataclysmdda
337,catalonia
338,CatastrophicFailure
339,Catholicism
340,cats
341,CatsAreAssholes
342,CatsStandingUp
343,CatTaps
344,CCW
345,Celebs
346,celebsnaked
347,CFB
348,CFBOffTopic
349,CFBStreams
350,CFL
351,changemyview
352,ChantelJeffries
353,ChapoTrapHouse
354,CharacterRant
355,Chargers
356,charmed
357,CharterSpectrum
358,Chattanooga
359,cheatatmathhomework
360,chemistry
361,chess
362,CHIBears
363,chicago
364,chicagor4r
365,CHICubs
366,childfree
367,China
368,Chipotle
369,ChoosingBeggars
370,Christianity
371,christmas
372,Chromecast
373,chubby
374,churning
375,Cigarettes
376,cigars
377,circlejerk
378,cirkeltrek
379,Citrix
380,civ
381,civilengineering
382,CK2GameOfthrones
383,ClashOfClans
384,ClashRoyale
385,CLG
386,climate_science
387,Cloak_Coin
388,CMHoCElection9
389,cnn
390,cocaine
391,CoDCompetitive
392,CODZombies
393,collapse
394,college
395,CollegeAmateurs
396,CollegeBasketball
397,collegehockey
398,collegesluts
399,cologne
400,ColoradoRockies
401,colorizebot
402,ColorizedHistory
403,Colts
404,Columbus
405,combinedgifs
406,Comcast
407,ComedyCemetery
408,comedynecromancy
409,comicbookmovies
410,comicbooks
411,comics
412,Communalists
413,CompetitiveHS
414,Competitiveoverwatch
415,COMPLETEANARCHY
416,ConciseIAmA
417,confession
418,confessions
419,Connecticut
420,Conservative
421,consoledeals
422,conspiracy
423,conspiracyundone
424,Construction
425,ContestOfChampions
426,Conting
427,CookieCollector
428,Cooking
429,copypasta
430,corgi
431,Cornell
432,counting
433,counting_in_the_wild
434,CozyPlaces
435,CPAP
436,cpp
437,cpp_questions
438,CPTSD
439,Cr1TiKaL
440,CrackSupport
441,crafts
442,CrappyDesign
443,crashbandicoot
444,CrazyIdeas
445,creepy
446,creepyPMs
447,Cricket
448,CrimeScene
449,cringe
450,CringeAnarchy
451,cringepics
452,criticalrole
453,crochet
454,crossdressing
455,crossfit
456,CrownVictoria
457,crtgaming
458,CruciblePlaybook
459,CrusaderKings
460,crypto
461,CryptoCurrency
462,cs50
463,cscareerquestions
464,csgo
465,csgobetting
466,CSRRacing2
467,Cubers
468,cuckoldcaptions
469,Cumtown
470,Cuphead
471,curlyhair
472,CURRENCY
473,customhearthstone
474,CuteLittleButts
475,CWArrow
476,Cyberpunk
477,cycling
478,DadReflexes
479,Dallas
480,Damnthatsinteresting
481,DanganRoleplay
482,danganronpa
483,dankchristianmemes
484,dankmemes
485,DankNation
486,dankussr
487,darkestdungeon
488,darkjokes
489,DarkNetMarkets
490,DarkNetMarketsNoobs
491,darksouls
492,DarkSouls2
493,darksouls3
494,Dashcam
495,dashpay
496,DataHoarder
497,dataisbeautiful
498,DatGuyLirik
499,dating_advice
500,datingoverthirty
501,Datsun
502,DaveRamsey
503,daverubin
504,DaystromInstitute
505,dbxv
506,dbz
507,DBZDokkanBattle
508,DBZDokkanMarketplace
509,DC_Cinematic
510,DCcomics
511,DCComicsLegendsGame
512,DCents
513,de
514,DeadBedrooms
515,deadbydaylight
516,deadcounting
517,deathgrips
518,DebateAChristian
519,DebateAnarchism
520,DebateEvolution
521,DebateReligion
522,DecidingToBeBetter
523,deeeepio
524,deeeepioartworks
525,DeepFriedMemes
526,Defcon
527,delusionalcraigslist
528,democrats
529,Denmark
530,Denver
531,denvernuggets
532,depression
533,depression_help
534,DerekSmart
535,DesignerReps
536,DesiWeddings
537,destiny2
538,DestinyFashion
539,DestinySherpa
540,DestinyTheGame
541,detroitlions
542,DetroitRedWings
543,devils
544,DFO
545,Diablo
546,diablo3
547,Diablo3Barbarians
548,Diablo3Necromancers
549,Diepio
550,digimon
551,digitalnomad
552,DirecTVNow
553,Dirtbikes
554,dirtykikpals
555,dirtypenpals
556,dirtyr4r
557,dirtysmall
558,DirtySnapchat
559,DirtySnapChatPals
560,discgolf
561,discordapp
562,discordian
563,dishonored
564,disney
565,disneyemojiblitz
566,Disneyland
567,Diverticulitis
568,DivinityOriginalSin
569,DIY
570,DIY_eJuice
571,diyaudio
572,diytubes
573,DJs
574,DMAcademy
575,DnD
576,dndnext
577,DNMUK
578,Dodgers
579,dogs
580,domesticviolence
581,dontstarve
582,Doom
583,DotA2
584,DotaConcepts
585,doughboys
586,dragonage
587,Drama
588,drawing
589,Dreadlocks
590,Dreams
591,dreamsofhalflife3
592,Drugs
593,drugscirclejerk
594,DrugStashes
595,Drumming
596,drums
597,drunk
598,drunkenpeasants
599,DuelLinks
600,DunderMifflin
601,duolingo
602,dvdcollection
603,dynamo
604,DynastyFF
605,eagles
606,EARONS
607,EatCheapAndHealthy
608,Ebay
609,EchoArena
610,ecigclassifieds
611,Economics
612,edc_raffle
613,EDH
614,EDM
615,Edmonton
616,edmproduction
617,educationalgifs
618,EHM
619,elderscrollslegends
620,elderscrollsonline
621,electricians
622,ElectricSkateboarding
623,electronic_cigarette
624,electronicmusic
625,EliteDangerous
626,elm
627,Embroidery
628,EmDrive
629,Empaths
630,ems
631,emulation
632,energy
633,ENFP
634,EngineeringStudents
635,engrish
636,EnoughTrumpSpam
637,ENSMarket
638,entertainment
639,entp
640,Entrepreneur
641,epicthread
642,EscapefromTarkov
643,EternalCardGame
644,EtherDelta
645,ethereum
646,EtherMining
647,ethtrader
648,Etizolam
649,EtrianOdyssey
650,eu4
651,europe
652,evangelion
653,Eve
654,evergreen
655,evilbuildings
656,exchristian
657,EXHINDU
658,exjw
659,exmormon
660,exmuslim
661,exoticspotting
662,ExpandDong
663,ExpectationVsReality
664,ExplainBothSides
665,explainlikeimfive
666,ExploreFiction
667,Eyebleach
668,facepalm
669,factorio
670,fakeid
671,Fallout
672,Fallout_RP
673,FanFiction
674,Fantasy
675,Fantasy_Football
676,fantasybaseball
677,fantasybball
678,fantasyfootball
679,FantasyMLS
680,FantasyPL
681,FantasyWarTactics
682,FanTheories
683,FapDeciders
684,fargo
685,FashionReps
686,FashionRepsBST
687,fatlogic
688,fcbayern
689,February2018Bumpers
690,feedthebeast
691,femalefashionadvice
692,Feminism
693,festivals
694,FetishSelling
695,FFBraveExvius
696,FFRecordKeeper
697,ffxiv
698,FFXV
699,FidgetSpinners
700,FIFA
701,FifaCareers
702,FilmIndustryLA
703,FinalFantasy
704,financialaid
705,financialindependence
706,FioraMains
707,Firearms
708,fireemblem
709,FireEmblemHeroes
710,firefly
711,firefox
712,FireGuy12
713,Fireteams
714,firstworldanarchists
715,Fishing
716,FishMTG
717,Fitness
718,fivenightsatfreddys
719,fixit
720,Fixxit
721,flashlight
722,flatearth
723,flightsim
724,Flipping
725,FloridaGators
726,Flyers
727,flying
728,fo4
729,FocusST
730,foesIO
731,food
732,footballhighlights
733,footballmanagergames
734,Ford
735,ForeverAlone
736,Forgotten_Realms
737,forhonor
738,formula1
739,FORTnITE
740,FortNiteBR
741,FortNiteLFG
742,FortWorth
743,forwardsfromgrandma
744,forza
745,fountainpens
746,fragrance
747,FragReddit
748,france
749,FrankOcean
750,Frasier
751,Frat
752,FRC
753,freebies
754,FreeCompliments
755,freedommobile
756,freefolk
757,FreeKarma4You
758,freelance
759,freeuse
760,friendsafari
761,frogdogs
762,Frugal
763,frugalmalefashion
764,FULLCOMMUNISM
765,fullmoviesongoogle
766,funhaus
767,funkopop
768,funkoswap
769,funny
770,funsizedasian
771,furry
772,furry_irl
773,FurrySoftcore
774,futanari
775,future_fight
776,Futurology
777,G59
778,gadgets
779,gainit
780,galactic_senate
781,GalaxyNote8
782,GalaxyS8
783,GalGadot
784,GameDeals
785,gamedev
786,gameflysocial
787,gamegrumps
788,gameofthrones
789,GamerGhazi
790,GamerPals
791,Games
792,GameSale
793,gaming
794,Gaming4Gamers
795,Gamingcirclejerk
796,gamingsuggestions
797,Gangstalking
798,gardening
799,gastricsleeve
800,gatekeeping
801,gaybrosgonemild
802,GayChubs
803,GaySnapchat
804,GCdebatesQT
805,GearS3
806,GenderCritical
807,GenesisMining
808,geopolitics
809,germanshepherds
810,GestationalDiabetes
811,getdisciplined
812,GetMotivated
813,GetOutOfBed
814,GGdiscussion
815,GH5
816,GhostAdventures
817,ghostnipples
818,GifRecipes
819,GifRecipesKeto
820,gifs
821,giveaways
822,glasgow
823,glassanimals
824,Glitch_in_the_Matrix
825,GlobalOffensive
826,GlobalOffensiveTrade
827,GlobalWarming
828,Glocks
829,gnome
830,goldenretrievers
831,golf
832,gonewild
833,gonewildaudio
834,gonewildchubby
835,GoneWildSmiles
836,goodyearwelt
837,google
838,GooglePixel
839,googleplaydeals
840,gopro
841,gorillaz
842,Goruck
843,goth
844,GothamElections
845,gpdxd
846,gpumining
847,grams
848,Granblue_en
849,GrandCherokee
850,grandorder
851,GrandTheftAutoV_PC
852,graphic_design
853,gratefuldead
854,GreasyMoney
855,GREEK
856,GreenBayPackers
857,greenday
858,greentext
859,GreypoCounting
860,greysanatomy
861,grime
862,gtaonline
863,Guelph
864,Guildwars2
865,guineapigs
866,Guitar
867,guitarpedals
868,guitars
869,GundamExVs
870,gundeals
871,Gunners
872,Gunpla
873,gunpolitics
874,guns
875,gwent
876,GWNerdy
877,gypsy
878,h3h3_productions
879,Habs
880,hacking
881,hackintosh
882,HaggardGarage
883,haikyuu
884,HairDye
885,hajimenoippo
886,halifax
887,halloween
888,halo
889,HaloOnline
890,hamptonbrandon
891,hardwareswap
892,hardwareswapaustralia
893,Harmontown
894,HawaiiGardening
895,headphones
896,Health
897,hearthstone
898,Hedgehog
899,heep
900,HelloInternet
901,HellsKitchen
902,HelpMeFind
903,heroesofthestorm
904,Herpes
905,HFY
906,HighlySuspect
907,HighschoolDxD
908,Hijabis
909,Hiphopcirclejerk
910,hiphopheads
911,history
912,hivaids
913,hmmm
914,hockey
915,hockeyjerseys
916,hockeyplayers
917,hoggit
918,hogwartswerewolvesA
919,holdmybeer
920,holdmycosmo
921,holdmyfries
922,holdthemoan
923,holofractal
924,homeautomation
925,Homebrewing
926,HomeImprovement
927,homelab
928,homelabsales
929,HomeNetworking
930,homestuck
931,HomeworkHelp
932,horizon
933,HorriblyDepressing
934,horror
935,Horses
936,hotas
937,hottiesfortrump
938,Hotwife
939,houston
940,howardstern
941,howtonotgiveafuck
942,HPfanfiction
943,htgawm
944,Hue
945,Hulugans
946,hum
947,humanresources
948,HumansBeingBros
949,huntersbell
950,HunterXHunter
951,Hunting
952,Huskers
953,HVAC
954,IAmA
955,iamverybadass
956,iamverysmart
957,IBO
958,Ice_Poseidon
959,ICOAnalysis
960,ICONOMI
961,IdiotsFightingThings
962,IdlePoring
963,IDontWorkHereLady
964,im14andthisisdeep
965,ImagesOfArgentina
966,ImagesOfCalifornia
967,ImagesOfFrance
968,ImagesOfMontana
969,ImagesOfNetherlands
970,ImagesOfNewZealand
971,ImagesOfSpain
972,ImagesOfTaiwan
973,ImagesOfThe2010s
974,ImagesOfUSA
975,imdbvg
976,ImGoingToHellForThis
977,ImperialAssaultTMG
978,Incels
979,IncelTears
980,india
981,indianpeoplefacebook
982,indianpeoplequora
983,indiegameswap
984,indieheads
985,Indiemakeupandmore
986,INEEEEDIT
987,infertility
988,Infinitewarfare
989,infp
990,Ingress
991,InhumansABC
992,Inktober
993,insanepeoplefacebook
994,instant_regret
995,insurgency
996,intel
997,InterdimensionalCable
998,interestingasfuck
999,inthenews
1000,intj
1001,introvert
1002,investing
1003,ios
1004,iOSthemes
1005,Iota
1006,IOTAFaucet
1007,ipad
1008,iphone
1009,IronThronePowers
1010,IronThroneRP
1011,isfj
1012,islam
1013,Israel
1014,italy
1015,itookapicture
1016,jacksonville
1017,jailbreak
1018,JapanTravel
1019,java
1020,Jaxmains
1021,jayhawks
1022,Jeep
1023,JeepRenegade
1024,JennyPoussin
1025,jerseycity
1026,Jessicamshannon
1027,jhu
1028,jobs
1029,JoeRogan
1030,joesymon
1031,Jokes
1032,JonTron
1033,JordanPeterson
1034,JRPG
1035,jukmifgguggh
1036,JustBootThings
1037,JusticeServed
1038,justlegbeardthings
1039,justneckbeardthings
1040,JUSTNOFAMILY
1041,JUSTNOMIL
1042,Justridingalong
1043,Justrolledintotheshop
1044,Kaiserreich
1045,kansascity
1046,KansasCityChiefs
1047,Kanye
1048,Kappa
1049,karmamains
1050,katawashoujo
1051,Kawaiiikitten
1052,KCRoyals
1053,kekistan
1054,keming
1055,KendrickLamar
1056,KenM
1057,KerbalSpaceProgram
1058,keto
1059,KidCudi
1060,Kikpals
1061,killingfloor
1062,killthosewhodisagree
1063,kindafunny
1064,kindle
1065,KingdomHearts
1066,KingOfTheHill
1067,kings
1068,Kings_Raid
1069,KithNYC
1070,Knife_Swap
1071,knifeclub
1072,KnifeRaffle
1073,knitting
1074,knives
1075,knots
1076,kol
1077,korea
1078,KotakuInAction
1079,kotk
1080,kotor
1081,kpop
1082,kpopfap
1083,kratom
1084,KubrowKennel
1085,LabourUK
1086,ladybonersgw
1087,ladyladyboners
1088,lakers
1089,Landlord
1090,languagelearning
1091,LateStageCapitalism
1092,latterdaysaints
1093,Lavendearie
1094,lawbreakers
1095,lawschooladmissions
1096,LCDSoundsystem
1097,LDESurvival
1098,leafs
1099,leagueoflegends
1100,leanfire
1101,LearnJapanese
1102,learnjava
1103,learnmath
1104,learnprogramming
1105,LearnUselessTalents
1106,lebowski
1107,legaladvice
1108,legaladviceofftopic
1109,LegionFX
1110,lego
1111,Leica
1112,LessCredibleDefence
1113,letsgofish
1114,letsplay
1115,letstradepedals
1116,lfg
1117,lgbt
1118,lgg6
1119,liberalgunowners
1120,Libertarian
1121,LibertarianDebates
1122,life_is_strange
1123,lifeisstrange
1124,LifeProTips
1125,LigaMX
1126,Lightbulb
1127,Lightroom
1128,lightsabers
1129,likeus
1130,lingerie
1131,linguistics
1132,LinkinPark
1133,LINKTrader
1134,linux_gaming
1135,linux4noobs
1136,linuxhardware
1137,linuxquestions
1138,ListeningHeads
1139,listentothis
1140,litecoin
1141,LitecoinMarkets
1142,LittleWitchAcademia
1143,livedeadcounting
1144,LiverpoolFC
1145,LivestreamFail
1146,Logic_301
1147,london
1148,LondonSocialClub
1149,longbeach
1150,LongDistance
1151,LonghornNation
1152,LosAngeles
1153,losangeleskings
1154,lotr
1155,Louisville
1156,LPOTL
1157,LSAT
1158,LSD
1159,LucioRollouts
1160,lularoe
1161,macsetups
1162,Madden
1163,MaddenUltimateTeam
1164,MadMaxGame
1165,magicbuilding
1166,magicTCG
1167,Maher
1168,MakeNewFriendsHere
1169,MakeupAddiction
1170,makeupexchange
1171,MakingaMurderer
1172,makinghiphop
1173,malaysia
1174,Malazan
1175,malefashion
1176,malefashionadvice
1177,malelivingspace
1178,MaliciousCompliance
1179,MAME
1180,manchester
1181,MandelaEffect
1182,manga
1183,ManyATrueNerd
1184,Maplestory
1185,mapmaking
1186,MapsWithoutNZ
1187,MarchAgainstTrump
1188,marchingband
1189,marijuanaenthusiasts
1190,marinebiology
1191,Mariners
1192,marketplacetf
1193,martialarts
1194,Marvel
1195,marvelheroes
1196,MarvelPuzzleQuest
1197,marvelstudios
1198,maryland
1199,mashups
1200,MassiveCock
1201,math
1202,MawInstallation
1203,May2018Bumpers
1204,mbti
1205,MCFC
1206,MDMA
1207,me_irl
1208,mead
1209,MechanicAdvice
1210,MechanicalKeyboards
1211,mechmarket
1212,MECoOp
1213,medical
1214,medicalschool
1215,medicine
1216,Meditation
1217,mega64
1218,megaIOTA
1219,megalinks
1220,Megaten
1221,meirl
1222,melbourne
1223,MemeEconomy
1224,MemesPortugal
1225,MemoryDefrag
1226,mentalhealth
1227,MEOW_IRL
1228,metacanada
1229,Metalcore
1230,metalgearsolid
1231,mexico
1232,MGTOW
1233,miamidolphins
1234,Miata
1235,microgrowery
1236,mildlyinfuriating
1237,mildlyinteresting
1238,Military
1239,milliondollarextreme
1240,milwaukee
1241,Minecraft
1242,minecraftsuggestions
1243,MinersHaven
1244,MINI
1245,minimalism
1246,miniSNES
1247,miniSNESmods
1248,Miniswap
1249,minnesotatwins
1250,minnesotaunited
1251,misleadingthumbnails
1252,mississauga
1253,mitchjones
1254,mlb
1255,MLBStreams
1256,MLBTheShow
1257,MLPCCG
1258,MLPLounge
1259,MLS
1260,MMA
1261,mmgirls
1262,MMORPG
1263,mobilelegends
1264,moderatelygranolamoms
1265,modular
1266,MOMpics
1267,momson
1268,Monero
1269,Monitors
1270,Monsanto
1271,Monstercat
1272,MonsterGirl
1273,MonsterHunter
1274,monsterhunterrage
1275,MonsterStrike
1276,montreal
1277,morbidquestions
1278,Morrowind
1279,Moto_Z
1280,Motocross
1281,motorcycles
1282,Motorrad
1283,MovieDetails
1284,moviepass
1285,MoviePassClub
1286,MovieposterFans
1287,movies
1288,MovieSuggestions
1289,mozilla
1290,MSLGame
1291,msp
1292,MTB
1293,MtF
1294,mtgfinance
1295,MTGVintage
1296,MtvChallenge
1297,MTVScream
1298,muacirclejerk
1299,muacjdiscussion
1300,Multicopter
1301,MurderMystery2
1302,MURICA
1303,Muse
1304,Music
1305,musicians
1306,MusicInTheMaking
1307,musicsuggestions
1308,Mustang
1309,mvci
1310,MVIS
1311,MW2
1312,mycology
1313,MyLittleHouseOfFun
1314,mylittlepony
1315,namenerds
1316,NanatsunoTaizai
1317,Nanny
1318,Naruto
1319,NarutoBlazing
1320,nasalsnuff
1321,NASCAR
1322,nashville
1323,nasusmains
1324,nathanforyou
1325,Nationals
1326,nattyorjuice
1327,NatureIsFuckingLit
1328,natureismetal
1329,nba
1330,NBA2k
1331,NBA2KDesign
1332,nbastreams
1333,NCAAFBseries
1334,ndp
1335,NeckbeardNests
1336,Negareddit
1337,nekoatsume
1338,NEO
1339,neoliberal
1340,neovim
1341,nerdcubed
1342,nerdfighters
1343,Nerf
1344,nesclassicmods
1345,netflix
1346,networking
1347,NeutralPolitics
1348,Neverwinter
1349,newjersey
1350,news
1351,newsokunomoral
1352,newsokur
1353,newyorkcity
1354,NewYorkIslanders
1355,NewYorkMets
1356,newzealand
1357,NFA
1358,nfl
1359,NHLHUT
1360,NHLStreams
1361,niceguys
1362,nihilism
1363,nintendo
1364,NintendoSwitch
1365,Nioh
1366,Nirvana
1367,njbeer
1368,NLSSCircleJerk
1369,NMSGalacticHub
1370,NMSPortals
1371,NoFap
1372,NoFapWomen
1373,noisygifs
1374,NoMansSkyTheGame
1375,nononono
1376,Nootropics
1377,norsk
1378,northernireland
1379,northernlion
1380,NorthKoreaNews
1381,noruue_
1382,NoSillySuffix
1383,nosleep
1384,nostalgia
1385,NoStupidQuestions
1386,notliketheothergirls
1387,NotMyJob
1388,nottheonion
1389,nova
1390,nrl
1391,NRLcowboys
1392,nsfw
1393,NSFW_Plowcam
1394,nsfw_rising
1395,NSFWFunny
1396,nsfwrabbitrooms
1397,Nudelete
1398,numenera
1399,nursing
1400,nutrition
1401,NWSL
1402,nyc
1403,NYCapartments
1404,NYCC
1405,NYCFC
1406,nycmeetups
1407,NYGiants
1408,NYKnicks
1409,NYYankees
1410,OaklandAthletics
1411,occult
1412,OCD
1413,ockytop
1414,OCLions
1415,oculus
1416,oculusnsfw
1417,oddlysatisfying
1418,ofcoursethatsathing
1419,offbeat
1420,OffensiveSpeech
1421,OfficeDepot
1422,OhNoMomWentWild
1423,OkCupid
1424,okko
1425,oldpeoplefacebook
1426,OldSchoolCool
1427,olkb
1428,OnePiece
1429,OnePieceTC
1430,oneplus
1431,onetruedog
1432,onewordeach
1433,OneyPlays
1434,onguardforthee
1435,Ooer
1436,OopsDidntMeanTo
1437,opendirectories
1438,opiates
1439,OpiatesRecovery
1440,opieandanthony
1441,OpTicGaming
1442,options
1443,oregon
1444,orlando
1445,OrlandoMagic
1446,OrthodoxChristianity
1447,OSHA
1448,osugame
1449,ottawa
1450,OttawaSenators
1451,OutOfTheLoop
1452,outrun
1453,Overwatch
1454,OverwatchUniversity
1455,OWConsole
1456,Ozark
1457,Page3Glamour
1458,paintball
1459,pakistan
1460,PalaceClothing
1461,Paladins
1462,PaladinsAcademy
1463,palmsprings
1464,PandR
1465,panthers
1466,papermario
1467,ParadiseVale
1468,paragon
1469,Paramore
1470,Parenting
1471,Pathfinder_RPG
1472,pathofexile
1473,PatreonGirls
1474,Patriots
1475,pawg
1476,paydaytheheist
1477,pcars
1478,pcgaming
1479,pcgamingtechsupport
1480,pcmasterrace
1481,pearljam
1482,pebble
1483,penguins
1484,Pennsylvania
1485,PennysLittleSecret
1486,penpals
1487,PeopleFuckingDying
1488,Peppers
1489,Persona5
1490,personalfinance
1491,PersonalFinanceCanada
1492,perth
1493,PetiteGoneWild
1494,Petloss
1495,Pets
1496,pettyrevenge
1497,PewdiepieSubmissions
1498,PFSENSE
1499,PhantomForces
1500,phgonewild
1501,Phijkchu
1502,philadelphia
1503,Philippines
1504,philosophy
1505,photocritique
1506,photography
1507,photoshopbattles
1508,PhotoshopRequest
1509,phr4r
1510,piano
1511,pic
1512,Pickpocket
1513,PickUpTorrents
1514,pics
1515,pillowtalkaudio
1516,pinkfloyd
1517,PipeTobacco
1518,Piracy
1519,pittsburgh
1520,PixelArtNSFW
1521,Pizza
1522,PizzaDrivers
1523,pkmntcgcollections
1524,Planetside
1525,PlantBasedDiet
1526,PlantedTank
1527,playark
1528,playrust
1529,playrustlfg
1530,playstation
1531,Plumbing
1532,podcasting
1533,PokeCamDrome
1534,pokemon
1535,pokemonduel
1536,Pokemonexchange
1537,pokemongo
1538,PokemonGoMPLS
1539,PokemonGoMystic
1540,pokemontrades
1541,PokeMoonSun
1542,poketcgonlinetrading
1543,polandball
1544,PoliticalHumor
1545,politics
1546,polyamory
1547,poop
1548,popheads
1549,popperpigs
1550,popping
1551,poppunkers
1552,PoppyTea
1553,porcupinetree
1554,Portland
1555,portugal
1556,portugaltheman
1557,PostmatesCouriers
1558,POTUSWatch
1559,powerlifting
1560,PowerShell
1561,Predators
1562,pregnant
1563,Prematurecelebration
1564,premed
1565,preppers
1566,PrequelMemes
1567,Presetbay
1568,PrettyGirls
1569,PrimeiraLiga
1570,printSF
1571,privacy
1572,productivity
1573,proED
1574,progmetal
1575,ProgrammerDadJokes
1576,ProgrammerHumor
1577,programming
1578,progresspics
1579,ProjectFi
1580,ProjectRunway
1581,ProjectSTP
1582,promos
1583,Prosthetics
1584,ProtectAndServe
1585,ps2
1586,PS4
1587,PS4ARKTRADING
1588,ps4homebrew
1589,psych
1590,Psychonaut
1591,psychotherapy
1592,ptcgo
1593,PUBATTLEGROUNDS
1594,PUBG
1595,PublicFreakout
1596,publix
1597,PuertoRico
1598,puremilf
1599,PurplePillDebate
1600,pussy
1601,pussypassdenied
1602,PutAnEggOnIt
1603,PuzzleAndDragons
1604,PvZHeroes
1605,pythonforengineers
1606,qotsa
1607,QuakeChampions
1608,Quebec
1609,r4r
1610,R6STeams
1611,radiohead
1612,raimimemes
1613,Rainbow6
1614,raisedbyborderlines
1615,raisedbynarcissists
1616,RakanMains
1617,Random_Acts_Of_Amazon
1618,Random_Acts_Of_Pizza
1619,RandomActsOfBlowJob
1620,RandomActsOfPolish
1621,RandomKindness
1622,RangeRover
1623,RAOfCSGO
1624,rapbattles
1625,rarebooks
1626,rarepuppers
1627,raspberry_pi
1628,Rateme
1629,RATS
1630,razorbacks
1631,rct
1632,reactiongifs
1633,realasians
1634,RealEstate
1635,realmadrid
1636,recipe
1637,reckful
1638,RecruitCS
1639,reddeadredemption
1640,reddevils
1641,RedditForGrownups
1642,redditisfun
1643,redditmobile
1644,RedLetterMedia
1645,redorchestra
1646,Redskins
1647,redsox
1648,ReefTank
1649,relationship_advice
1650,relationships
1651,religion
1652,reloading
1653,RepLadies
1654,Repsneakers
1655,RepublicaArgentina
1656,researchchemicals
1657,Residency
1658,residentevil
1659,Retconned
1660,retrogaming
1661,RichmondFC
1662,rickandmorty
1663,riddles
1664,RightwingLGBT
1665,RimWorld
1666,Ripple
1667,Rivenmains
1668,RLFashionAdvice
1669,Roadcam
1670,Roast_Me
1671,RoastMe
1672,RoastMyCar
1673,roblox
1674,Rochester
1675,Rockband
1676,RocketLeague
1677,RocketLeagueExchange
1678,roguelikes
1679,roleplayfantasy
1680,Roleplaykik
1681,Rolla
1682,rolltide
1683,Romania
1684,romania_ss
1685,rome
1686,Roofing
1687,Room104
1688,roosterteeth
1689,RotMG
1690,Rowing
1691,rpg
1692,RPGStuck
1693,RPGStuck_C4
1694,RPI
1695,RTLSDR
1696,ruby
1697,rugbyunion
1698,rule34
1699,runescape
1700,running
1701,rupaulsdragrace
1702,russia
1703,russian
1704,russiansfacebook
1705,rva
1706,RvBRP
1707,RWBY
1708,ryerson
1709,RyzeMains
1710,Sabrina_Nichole
1711,Sacramento
1712,sadboys
1713,sadcringe
1714,safex
1715,SaltLakeCity
1716,salty
1717,samharris
1718,samsunggalaxys8
1719,SamsungPay
1720,SanctionedSuicide
1721,SandersForPresident
1722,sandiego
1723,SanJoseSharks
1724,saplings
1725,SaraJUnderwood
1726,Sat
1727,schizophrenia
1728,SchoolIdolFestival
1729,science
1730,sciencefiction
1731,scifi
1732,SCJerk
1733,Scotland
1734,ScottishPeopleTwitter
1735,SCP
1736,screenshots
1737,Screenwriting
1738,scuba
1739,Seahawks
1740,Seattle
1741,SeattleWA
1742,secretsubgonewild
1743,seduction
1744,selfie
1745,Semenretention
1746,serbia
1747,Serendipity
1748,serialkillers
1749,service_dogs
1750,settlethisforme
1751,sevenguardians
1752,sewing
1753,SFGiants
1754,Shadowverse
1755,ShaeUnderscore
1756,Shen
1757,ShieldAndroidTV
1758,ShingekiNoKyojin
1759,ShitAmericansSay
1760,ShitPoliticsSays
1761,Shitty_Car_Mods
1762,ShittyLifeProTips
1763,shittylimos
1764,Shoplifting
1765,ShouldIbuythisgame
1766,showerbeer
1767,Showerthoughts
1768,shreveport
1769,ShroomID
1770,shrooms
1771,signupsforpay
1772,Silverbugs
1773,simracing
1774,singapore
1775,singing
1776,Sino
1777,sixers
1778,sjwhate
1779,SketchDaily
1780,SkincareAddiction
1781,Skookum
1782,skrillex
1783,skyrim
1784,skyrimmods
1785,SkyrimTavern
1786,Slackline
1787,slashdiablo
1788,slatestarcodex
1789,slavelabour
1790,Slipknot
1791,smashbros
1792,smilers
1793,Smite
1794,SmiteTrades
1795,snakes
1796,snapchat
1797,sneakermarket
1798,sneakerreps
1799,Sneakers
1800,sneakpeekbot
1801,SNESmini
1802,soccer
1803,soccerspirits
1804,soccerstreams
1805,socialanxiety
1806,socialism
1807,SocialJusticeInAction
1808,software
1809,softwaregore
1810,SolusProject
1811,somethingimade
1812,SonicTheHedgehog
1813,Soulnexus
1814,space
1815,spaceflight
1816,spacerpg3
1817,spacex
1818,SpaceXLounge
1819,spain
1820,speedrun
1821,spiderbro
1822,splatoon
1823,spnati
1824,Spokane
1825,spongebob
1826,sports
1827,sportsbook
1828,Sprint
1829,SquaredCircle
1830,StackAdvice
1831,stalker
1832,starbound
1833,starbucks
1834,starcitizen
1835,starcraft
1836,Stardew_Valley
1837,StardewValley
1838,starfinder_rpg
1839,Stargate
1840,starterpacks
1841,startrek
1842,StarTrekDiscovery
1843,StarVStheForcesofEvil
1844,StarWars
1845,StarWarsArmada
1846,StarWarsBattlefront
1847,StarWarsForceArena
1848,StarWarsLeaks
1849,starwarsspeculation
1850,steak
1851,Steam
1852,SteamBotMarket
1853,SteamGameSwap
1854,SteamKiwi
1855,Stellaris
1856,Stencyl
1857,steroids
1858,Steroidsourcetalk
1859,stevenuniverse
1860,sticknpokes
1861,stilltrying
1862,Stims
1863,StLouis
1864,stlouisblues
1865,StockMarket
1866,stocks
1867,stopdrinking
1868,stopsmoking
1869,StPetersburgFL
1870,StreetFights
1871,streetwear
1872,streetwearstartup
1873,stripper
1874,StrongCurves
1875,Strongman
1876,subaru
1877,SubredditDrama
1878,SubredditDramaDrama
1879,SubredditSimulator
1880,SubredditSimulator_SS
1881,sugarlifestyleforum
1882,SugarPine7
1883,SuggestALaptop
1884,suggestmeabook
1885,SuicideWatch
1886,SULeaks
1887,summonerschool
1888,summonerswar
1889,SummonSign
1890,Suomi
1891,SupersRP
1892,SuperstarJYPNation
1893,Supplements
1894,supremeclothing
1895,surfing
1896,surrealmemes
1897,survivor
1898,SVExchange
1899,sweden
1900,SWGalaxyOfHeroes
1901,Switch
1902,swoleacceptance
1903,swordartonline
1904,SwordOrSheath
1905,sydney
1906,SympatheticMonsters
1907,synthesizers
1908,syriancivilwar
1909,sysadmin
1910,TagPro
1911,tailplug
1912,TalesFromRetail
1913,talesfromtechsupport
1914,TalesFromTheFrontDesk
1915,TalesofLink
1916,talesoftherays
1917,Talonmains
1918,tanks
1919,tarantulas
1920,TarkovTrading
1921,tattoo
1922,tax
1923,TaylorSwift
1924,tea
1925,Teachers
1926,teachinginjapan
1927,TeamFourStar
1928,TeamSolomid
1929,Techno
1930,technology
1931,techsupport
1932,techsupportgore
1933,techtheatre
1934,teenagers
1935,teenmom
1936,TeenMomOGandTeenMom2
1937,TeenWolf
1938,television
1939,Tennessee
1940,Tennesseetitans
1941,tennis
1942,TerraBattle
1943,terracehouse
1944,Terraria
1945,teslamotors
1946,Texans
1947,texas
1948,TexasRangers
1949,tf2
1950,thalassophobia
1951,thatHappened
1952,The_Crew
1953,The_Division
1954,The_Donald
1955,The_Dotard
1956,The_Keepers
1957,The100
1958,TheaterDays
1959,thebachelor
1960,TheBeatles
1961,TheBlankSlate
1962,TheBluePill
1963,thedavidpakmanshow
1964,thedivision
1965,TheExpanse
1966,TheGirlSurvivalGuide
1967,TheGoodPlace
1968,TheMassive
1969,thenetherlands
1970,TheNewGeezers
1971,TheOrville
1972,TheoryOfReddit
1973,theratio
1974,TheRedPill
1975,TheSilphRoad
1976,TheStrokes
1977,thewalkingdead
1978,TheWayWeWere
1979,TheWire
1980,theydidthemath
1981,thingsforants
1982,thinkpad
1983,thisismylifenow
1984,ThreadKillers
1985,ThriftStoreHauls
1986,TibiaMMO
1987,Tierzoo
1988,tifu
1989,TimHortons
1990,Tinder
1991,tipofmytongue
1992,titanfall
1993,tmobile
1994,todayilearned
1995,todoist
1996,Tokyo
1997,TOP_20
1998,topeka
1999,TopMindsOfReddit
2000,toronto
2001,torontocraftbeer
2002,TOTALCOMMUNALISM
2003,TotalDramaTheGameshow
2004,totalwar
2005,TPPKappa
2006,traaaaaaannnnnnnnnns
2007,trackers
2008,tradclimbing
2009,TradeRouteDNM
2010,trains
2011,TranscribersOfReddit
2012,TransDIY
2013,translator
2014,traps
2015,trashy
2016,trashyboners
2017,travel
2018,treedibles
2019,trees
2020,TrendingReddits
2021,TREZOR
2022,TributeMe
2023,Triumph
2024,TrollXChromosomes
2025,TrollxDisability
2026,TrollYChromosome
2027,TronMTG
2028,TropicalWeather
2029,Truckers
2030,Trucks
2031,TrueFilm
2032,TrueFMK
2033,TrueReddit
2034,TrueSanctionedSuicide
2035,TrueStoicism
2036,TrumpCriticizesTrump
2037,Trumpgret
2038,TTPloreplaycentral
2039,Tulpas
2040,tumblr
2041,TumblrInAction
2042,TurkeyJerky
2043,turning
2044,tvcrossovers
2045,twentyonepilots
2046,twice
2047,twinks
2048,twinpeaks
2049,Twitch
2050,twitchplayspokemon
2051,TwoBestFriendsPlay
2052,TwoXChromosomes
2053,UBC
2054,uber
2055,uberdrivers
2056,UberEATS
2057,uchicago
2058,UCI
2059,ufc
2060,UKPersonalFinance
2061,ukpolitics
2062,ula
2063,Ultralight
2064,uncensorednews
2065,undelete
2066,underpopular
2067,Undertale
2068,UnethicalLifeProTips
2069,unitedkingdom
2070,Unity3D
2071,unpopularopinion
2072,UnpopularOpinions
2073,UnresolvedMysteries
2074,unt
2075,UofT
2076,UpliftingNews
2077,urbanexploration
2078,usenet
2079,UserSimulator
2080,USMC
2081,USPS
2082,uvtrade
2083,uwaterloo
2084,vainglorygame
2085,vancouver
2086,vandwellers
2087,vaporents
2088,VarusMains
2089,vegan
2090,vegancirclejerk
2091,veganfitness
2092,vegetarian
2093,vertcoin
2094,vexillology
2095,VGCovers
2096,VHS
2097,victoria2
2098,videos
2099,VietNam
2100,VintageTees
2101,vinyl
2102,violinist
2103,virtualreality
2104,VirtualWDCPC
2105,VisitingIceland
2106,visualnovels
2107,vita
2108,vitahacks
2109,Vive
2110,vlog
2111,Volkswagen
2112,vzla
2113,WahoosTipi
2114,wallstreetbets
2115,walmart
2116,waltonchain
2117,WarCollege
2118,warcraftlore
2119,Warframe
2120,Warhammer40k
2121,WarhammerCompetitive
2122,warriors
2123,Warthunder
2124,washingtondc
2125,Wasteland2
2126,Watches
2127,Watchexchange
2128,WatchItForThePlot
2129,watchpeopledie
2130,WatchPeopleDieInside
2131,watercooling
2132,Waterfowl
2133,Waxpen
2134,WayfarersPub
2135,WayOfTheBern
2136,waze
2137,Weakpots
2138,WeAreTheMusicMakers
2139,web_design
2140,webdev
2141,WebGames
2142,wedding
2143,weddingplanning
2144,WeedDeals
2145,weekendgunnit
2146,weezer
2147,Wellthatsucks
2148,WEPES
2149,westworld
2150,Whatcouldgowrong
2151,whatisthisthing
2152,WhatsInThisThing
2153,whatstheword
2154,whatsthisbird
2155,whatsthisbug
2156,whatsthisrock
2157,whatsthissnake
2158,whitepeoplegifs
2159,wholesome
2160,wholesomememes
2161,whowouldwin
2162,WhyWereTheyFilming
2163,wicked_edge
2164,wifesharing
2165,WiiUHacks
2166,WindowBeauty
2167,windowsphone
2168,wine
2169,winemaking
2170,Winnipeg
2171,Wishlist
2172,woahdude
2173,wolfalice
2174,Woodcarving
2175,woodworking
2176,Wordpress
2177,worldbuilding
2178,worldnews
2179,WorldofTanks
2180,WorldofTanksConsole
2181,WorldOfWarships
2182,worldpowers
2183,WouldYouFuckMyWife
2184,wow
2185,wowservers
2186,WredditCountryClub
2187,wrestlefigs
2188,WrestleWithThePlot
2189,writing
2190,WritingPrompts
2191,WTF
2192,WWE
2193,WWEGames
2194,WWII
2195,xboxone
2196,xenoling
2197,Xiaomi
2198,xray
2199,xxfitness
2200,yandere_simulator
2201,YGOBinders
2202,YIMO
2203,ynab
2204,yoga
2205,yokaitrade
2206,yokaiwatch
2207,youtubehaiku
2208,youtubers
2209,yugioh
2210,yuri_jp
2211,Zappa
2212,zelda
2213,ZeroWaste
